product_name,Sum of rating_count
"AmazonBasics Flexible Premium HDMI Cable (Black, 4K@60Hz, 18Gbps), 3-Foot",853945
"Amazon Basics High-Speed HDMI Cable, 6 Feet - Supports Ethernet, 3D, 4K video,Black",426973
"Amazon Basics High-Speed HDMI Cable, 6 Feet (2-Pack),Black",426973
"JBL C100SI Wired In Ear Headphones with Mic, JBL Pure Bass Sound, One Button Multi-function Remote, Angled Buds for Comfort fit (Black)",385177
boAt Bassheads 100 in Ear Wired Earphones with Mic(Furious Red),363713
boAt Bassheads 100 in Ear Wired Earphones with Mic(Taffy Pink),363713
boAt BassHeads 100 in-Ear Wired Headphones with Mic (Black),363711
"Redmi 9 Activ (Carbon Black, 4GB RAM, 64GB Storage) | Octa-core Helio G35 | 5000 mAh Battery",313836
"Redmi 9A Sport (Coral Green, 2GB RAM, 32GB Storage) | 2GHz Octa-core Helio G25 Processor | 5000 mAh Battery",313836
"Redmi 9A Sport (Carbon Black, 2GB RAM, 32GB Storage) | 2GHz Octa-core Helio G25 Processor | 5000 mAh Battery",313832
"Redmi 9A Sport (Coral Green, 3GB RAM, 32GB Storage) | 2GHz Octa-core Helio G25 Processor | 5000 mAh Battery",313832
"Samsung EVO Plus 128GB microSDXC UHS-I U3 130MB/s Full HD & 4K UHD Memory Card with Adapter (MB-MC128KA), Blue",280071
boAt Bassheads 225 in Ear Wired Earphones with Mic(Blue),273189
SanDisk Extreme SD UHS I 64GB Card for 4K Video for DSLR and Mirrorless Cameras 170MB/s Read & 80MB/s Write,205052
boAt Rockerz 400 Bluetooth On Ear Headphones With Mic With Upto 8 Hours Playback & Soft Padded Ear Cushions(Grey/Green),194349
"JBL C100SI Wired In Ear Headphones with Mic, JBL Pure Bass Sound, One Button Multi-function Remote, Premium Metallic Finish, Angled Buds for Comfort fit (Red)",192589
"boAt Airdopes 121v2 in-Ear True Wireless Earbuds with Upto 14 Hours Playback, 8MM Drivers, Battery Indicators, Lightweight Earbuds & Multifunction Controls (Active Black, with Mic)",180998
MI 10000mAh 3i Lithium Polymer Power Bank Dual Input(Micro-USB and Type C) and Output Ports 18W Fast Charging (Metallic Blue),178912
"Mi 10000mAH Li-Polymer, Micro-USB and Type C Input Port, Power Bank 3i with 18W Fast Charging (Midnight Black)",178912
MI Power Bank 3i 20000mAh Lithium Polymer 18W Fast Power Delivery Charging | Input- Type C | Micro USB| Triple Output | Sandstone Black,178912
boAt Bassheads 242 in Ear Wired Earphones with Mic(Active Black),161679
boAt Bassheads 242 in Ear Wired Earphones with Mic(Blue),161677
"boAt Rockerz 255 Pro+ in-Ear Bluetooth Neckband with Upto 40 Hours Playback, ASAP  Charge, IPX7, Dual Pairing, BT v5.0, with Mic (Active Black)",141841
"Samsung EVO Plus 64GB microSDXC UHS-I U1 130MB/s Full HD & 4K UHD Memory Card with Adapter (MB-MC64KA), Blue",140036
"boAt Xtend Smartwatch with Alexa Built-in, 1.69‚Äù HD Display, Multiple Watch Faces, Stress Monitor, Heart & SpO2 Monitoring, 14 Sports Modes, Sleep Monitor, 5 ATM & 7 Days Battery(Charcoal Black)",139241
"boAt Airdopes 141 Bluetooth Truly Wireless in Ear Earbuds with mic, 42H Playtime, Beast Mode(Low Latency Upto 80ms) for Gaming, ENx Tech, ASAP Charge, IWP, IPX4 Water Resistance (Bold Black)",136954
"Noise ColorFit Pulse Smartwatch with 3.56 cm (1.4"") Full Touch HD Display, SpO2, Heart Rate, Sleep Monitors & 10-Day Battery - Jet Black",135901
"SanDisk Ultra¬Æ microSDXC‚Ñ¢ UHS-I Card, 64GB, 140MB/s R, 10 Y Warranty, for Smartphones",134521
"Nokia 105 Plus Single SIM, Keypad Mobile Phone with Wireless FM Radio, Memory Card Slot and MP3 Player | Charcoal",128311
"Nokia 105 Plus Single SIM, Keypad Mobile Phone with Wireless FM Radio, Memory Card Slot and MP3 Player | Red",128311
"Nokia 105 Single SIM, Keypad Mobile Phone with Wireless FM Radio | Blue",128311
"Nokia 105 Single SIM, Keypad Mobile Phone with Wireless FM Radio | Charcoal",128311
Xiaomi Mi Wired in Ear Earphones with Mic Basic with Ultra Deep Bass & Aluminum Alloy Sound Chamber (Black),119466
"Fire-Boltt Phoenix Smart Watch with Bluetooth Calling 1.3"",120+ Sports Modes, 240*240 PX High Res with SpO2, Heart Rate Monitoring & IP67 Rating",110805
"boAt Rockerz 330 in-Ear Bluetooth Neckband with Upto 30 Hours Playtime, ASAP  Charge, Signature Sound, Dual Pairing & IPX5 with Mic (Active Black)",109864
"boAt Rockerz 450 Bluetooth On Ear Headphones with Mic, Upto 15 Hours Playback, 40MM Drivers, Padded Ear Cushions, Integrated Controls and Dual Modes(Luscious Black)",107151
"Boult Audio Probass Curve Bluetooth Wireless in Ear Earphones with Mic with Ipx5 Water Resistant, 12H Battery Life & Extra Bass (Black)",103052
"Redmi Note 11 (Horizon Blue, 6GB RAM, 64GB Storage)|90Hz FHD+ AMOLED Display | Qualcomm¬Æ Snapdragon‚Ñ¢ 680-6nm | 33W Charger Included",101544
Sennheiser CX 80S in-Ear Wired Headphones with in-line One-Button Smart Remote with Microphone Black,98250
"boAt Xtend Smartwatch with Alexa Built-in, 1.69‚Äù HD Display, Multiple Watch Faces, Stress Monitor, Heart & SpO2 Monitoring, 14 Sports Modes, Sleep Monitor, 5 ATM & 7 Days Battery(Pitch Black)",96897
TP-Link Tapo 360¬∞ 2MP 1080p Full HD Pan/Tilt Home Security Wi-Fi Smart Camera| Alexa Enabled| 2-Way Audio| Night Vision| Motion Detection| Sound and Light Alarm| Indoor CCTV (Tapo C200) White,93112
"JBL C50HI, Wired in Ear Headphones with Mic, One Button Multi-Function Remote, Lightweight & Comfortable fit (Black)",92995
Noise ColorFit Pro 2 Full Touch Control Smart Watch with 35g Weight & Upgraded LCD Display (Deep Wine),92588
"Noise ColorFit Pro 2 Full Touch Control Smart Watch with 35g Weight & Upgraded LCD Display,IP68 Waterproof,Heart Rate Monitor,Sleep & Step Tracker,Call & Message Alerts & Long Battery Life (Jet Black)",92588
boAt Bassheads 152 in Ear Wired Earphones with Mic(Active Black),91770
boAt BassHeads 900 On-Ear Wired Headphones with Mic (White),91188
Redmi 80 cm (32 inches) Android 11 Series HD Ready Smart LED TV | L32M6-RA/L32M7-RA (Black),90475
"Fire-Boltt India's No 1 Smartwatch Brand Talk 2 Bluetooth Calling Smartwatch with Dual Button, Hands On Voice Assistance, 60 Sports Modes, in Built Mic & Speaker with IP68 Rating",88421
"JBL Tune 215BT, 16 Hrs Playtime with Quick Charge, in Ear Bluetooth Wireless Earphones with Mic, 12.5mm Premium Earbuds with Pure Bass, BT 5.0, Dual Pairing, Type C & Voice Assistant Support (Black)",87798
"PTron Tangent Lite Bluetooth 5.0 Earphones with Mic, Hi-Fi Stereo Sound Neckband, 8Hrs Playtime, Lightweight Snug-fit in-Ear Headphones, IPX4 Water Resistant, Fast Charge & Voice Assistant (Black)",83996
Boult Audio BassBuds X1 in-Ear Wired Earphones with 10mm Extra Bass Driver and HD Sound with mic(Black),77027
boAt Bassheads 102 Wired in Ear Earphones with Mic (Mint Green),76042
"realme Buds Wireless in Ear Bluetooth Earphones with mic, 11.2mm Bass Boost Driver, Magnetic Fast Pair, Fast Charging and 12 Hrs Playtime (Yellow)",72563
"Fire-Boltt Ninja Call Pro Plus 1.83"" Smart Watch with Bluetooth Calling, AI Voice Assistance, 100 Sports Modes IP67 Rating, 240*280 Pixel High Resolution",69685
"SanDisk Ultra SDHC UHS-I Card 32GB 120MB/s R for DSLR Cameras, for Full HD Recording, 10Y Warranty",69585
"AmazonBasics 3.5mm to 2-Male RCA Adapter Cable For Tablet, Smartphone (Black, 15 feet)",69538
"SanDisk Ultra microSD UHS-I Card 64GB, 120MB/s R",67260
"SanDisk Ultra¬Æ microSDXC‚Ñ¢ UHS-I Card, 256GB, 150MB/s R, 10 Y Warranty, for Smartphones",67260
"SanDisk Ultra microSD UHS-I Card 32GB, 120MB/s R",67259
"SanDisk Ultra¬Æ microSDXC‚Ñ¢ UHS-I Card, 128GB, 140MB/s R, 10 Y Warranty, for Smartphones",67259
HP 32GB Class 10 MicroSD Memory Card (U1 TF Card¬†32GB),65250
"Zebronics ZEB-COUNTY 3W Wireless Bluetooth Portable Speaker With Supporting Carry Handle, USB, SD Card, AUX, FM & Call Function. (Green)",64705
"JBL Go 2, Wireless Portable Bluetooth Speaker with Mic, JBL Signature Sound, Vibrant Color Options with IPX7 Waterproof & AUX (Blue)",63899
"Noise ColorFit Pulse Grand Smart Watch with 1.69""(4.29cm) HD Display, 60 Sports Modes, 150 Watch Faces, Fast Charge, Spo2, Stress, Sleep, Heart Rate Monitoring & IP68 Waterproof (Jet Black)",60508
"ZEBRONICS Zeb-Thunder Bluetooth Wireless Over Ear Headphone FM, mSD, 9 hrs Playback with Mic (Black)",60026
"OPPO A31 (Mystery Black, 6GB RAM, 128GB Storage) with No Cost EMI/Additional Exchange Offers",58506
"PTron Tangentbeat in-Ear Bluetooth 5.0 Wireless Headphones with Mic, Enhanced Bass, 10mm Drivers, Clear Calls, Snug-Fit, Fast Charging, Magnetic Buds, Voice Assistant & IPX4 Wireless Neckband (Black)",58162
"Samsung Galaxy M13 5G (Aqua Green, 6GB, 128GB Storage) | 5000mAh Battery | Upto 12GB RAM with RAM Plus",56994
"Samsung Galaxy M32 Prime Edition (Light Blue, 4GB RAM, 64GB)",56098
"boAt Rockerz 550 Over Ear Bluetooth Headphones with Upto 20 Hours Playback, 50MM Drivers, Soft Padded Ear Cushions and Physical Noise Isolation, Without Mic (Black)",55192
"boAt Flash Edition Smart Watch with Activity Tracker, Multiple Sports Modes, 1.3"" Screen, 170+ Watch Faces, Sleep Monitor, Gesture, Camera & Music Control, IP68 & 7 Days Battery Life(Lightning Black)",53760
"JBL C200SI, Premium in Ear Wired Earphones with Mic, Signature Sound, One Button Multi-Function Remote, Angled Earbuds for Comfort fit (Blue)",53648
"Fire-Boltt Visionary 1.78"" AMOLED Bluetooth Calling Smartwatch with 368*448 Pixel Resolution 100+ Sports Mode, TWS Connection, Voice Assistance, SPO2 & Heart Rate Monitoring",51482
"Redmi Note 11 (Space Black, 4GB RAM, 64GB Storage)|90Hz FHD+ AMOLED Display | Qualcomm¬Æ Snapdragon‚Ñ¢ 680-6nm | 33W Charger Included",50772
"Redmi Note 11 (Space Black, 6GB RAM, 64GB Storage) | 90Hz FHD+ AMOLED Display | Qualcomm¬Æ Snapdragon‚Ñ¢ 680-6nm | 33W Charger Included",50772
"boAt Airdopes 171 in Ear Bluetooth True Wireless Earbuds with Upto 13 Hours Battery, IPX4, Bluetooth v5.0, Dual Tone Finish with Mic (Mysterious Blue)",47521
"ELV Car Mount Adjustable Car Phone Holder Universal Long Arm, Windshield for Smartphones - Black",46399
"Fire-Boltt Ninja 3 Smartwatch Full Touch 1.69 & 60 Sports Modes with IP68, Sp02 Tracking, Over 100 Cloud based watch faces - Black",45274
Redmi 108 cm (43 inches) 4K Ultra HD Android Smart LED TV X43 | L43R7-7AIN (Black),45238
Redmi 126 cm (50 inches) 4K Ultra HD Android Smart LED TV X50 | L50M6-RA (Black),45238
"MI 360¬∞ Home Security Wireless Camera 2K Pro with Bluetooth Gateway BLE 4.2 l Dual Band Wi-fi Connection l 3 Million 1296p| Full Color in Low-Light | AI Human Detection, White",44696
"Samsung Galaxy M33 5G (Emerald Brown, 6GB, 128GB Storage) | 6000mAh Battery | Upto 12GB RAM with RAM Plus | Travel Adapter to be Purchased Separately",44636
"BlueRigger High Speed HDMI Cable with Ethernet - Supports 3D, 4K 60Hz and Audio Return - Latest Version (3 Feet / 0.9 Meter)",44054
"boAt Wave Lite Smartwatch with 1.69"" HD Display, Sleek Metal Body, HR & SpO2 Level Monitor, 140+ Watch Faces, Activity Tracker, Multiple Sports Modes, IP68 & 7 Days Battery Life(Active Black)",43593
"Infinity (JBL Glide 510, 72 Hrs Playtime with Quick Charge, Wireless On Ear Headphone with Mic, Deep Bass, Dual Equalizer, Bluetooth 5.0 with Voice Assistant Support (Black)",42775
"STRIFF PS2_01 Multi Angle Mobile/Tablet Tabletop Stand. Phone Holder for iPhone, Android, Samsung, OnePlus, Xiaomi. Portable, Foldable Cell Phone Stand. Perfect for Bed, Office, Home & Desktop (Black)",42641
"Fire-Boltt India's No 1 Smartwatch Brand Ring Bluetooth Calling with SpO2 & 1.7‚Äù Metal Body with Blood Oxygen Monitoring, Continuous Heart Rate, Full Touch & Multiple Watch Faces",42139
"Fire-Boltt Ring 3 Smart Watch 1.8 Biggest Display with Advanced Bluetooth Calling Chip, Voice Assistance,118 Sports Modes, in Built Calculator & Games, SpO2, Heart Rate Monitoring",41760
"boAt Stone 650 10W Bluetooth Speaker with Upto 7 Hours Playback, IPX5 and Integrated Controls (Blue)",41226
ENVIE ECR-20 Charger for AA & AAA Rechargeable Batteries,40895
"Noise ColorFit Ultra SE Smart Watch with 1.75""(4.3cm) HD Display, Aluminium Alloy Body, 60 Sports Modes, Spo2, Lightweight, Stock Market Info, Calls & SMS Reply (Vintage Brown)",38879
"Noise ColorFit Ultra Smart Watch with 1.75"" HD Display, Aluminium Alloy Body, 60 Sports Modes, Spo2, Lightweight, Stock Market Info, Calls & SMS Reply (Space Blue)",38879
boAt Dual Port Rapid Car Charger (Qualcomm Certified) with Quick Charge 3.0 + Free Micro USB Cable - (Black),38221
realme Buds Classic Wired in Ear Earphones with Mic (Black),37817
"Ambrane 20000mAh Power Bank with 20W Fast Charging, Triple Output, Power Delivery, Type C Input, Made in India, Multi-Layer Protection, Li-Polymer + Type C Cable (Stylo-20k, Black)",37356
"URBN 10000 mAh Lithium Power Bank UPR10K with 12 Watt Fast Charging, Blue",36384
"URBN 20000 mAh lithium_polymer Power Bank with 12 Watt Fast Charging, Camo",36384
"AmazonBasics High-Speed Braided HDMI Cable - 3 Feet - Supports Ethernet, 3D, 4K and Audio Return (Black)",35877
"boAt Wave Call Smart Watch, Smart Talk with Advanced Dedicated Bluetooth Calling Chip, 1.69‚Äù HD Display with 550 NITS & 70% Color Gamut, 150+ Watch Faces, Multi-Sport Modes,HR,SpO2, IP68(Active Black)",35664
OnePlus 108 cm (43 inches) Y Series Full HD Smart Android LED TV 43 Y1S (Black),34899
OnePlus 80 cm (32 inches) Y Series HD Ready LED Smart Android TV 32Y1 (Black),34899
OnePlus 80 cm (32 inches) Y Series HD Ready Smart Android LED TV 32 Y1S (Black),34899
"KINGONE Upgraded Stylus Pen, iPad Pencil, Ultra High Precision & Sensitivity, Palm Rejection, Prevents False ON/Off Touch, Power Display, Tilt Sensitivity, Magnetic Adsorption for iPad 2018 and Later",34258
"boAt Rockerz 370 On Ear Bluetooth Headphones with Upto 12 Hours Playtime, Cozy Padded Earcups and Bluetooth v5.0, with Mic (Buoyant Black)",33584
"Tukzer Capacitive Stylus Pen for Touch Screens Devices, Fine Point, Lightweight Metal Body with Magnetism Cover Cap for Smartphones/Tablets/iPad/iPad Pro/iPhone (Grey)",33114
"OPPO A74 5G (Fantastic Purple,6GB RAM,128GB Storage) with No Cost EMI/Additional Exchange Offers",32916
"OPPO A74 5G (Fluid Black, 6GB RAM, 128GB Storage) with No Cost EMI/Additional Exchange Offers",32916
MI 100 cm (40 inches) 5A Series Full HD Smart Android LED TV with 24W Dolby Audio & Metal Bezel-Less Frame (Black) (2022 Model),32840
Mi 100 cm (40 inches) Horizon Edition Full HD Android LED TV 4A | L40M6-EI (Black),32840
MI 108 cm (43 inches) 5A Series Full HD Smart Android LED TV L43M7-EAIN (Black),32840
MI 80 cm (32 inches) 5A Series HD Ready Smart Android LED TV L32M7-5AIN (Black),32840
MI 80 cm (32 inches) HD Ready Smart Android LED TV 5A Pro | L32M7-EAIN (Black),32840
Samsung 80 cm (32 Inches) Wondertainment Series HD Ready LED Smart TV UA32T4340BKXXL (Glossy Black),32598
"Redmi Note 11T 5G (Aquamarine Blue, 6GB RAM, 128GB ROM)| Dimensity 810 5G | 33W Pro Fast Charging | Charger Included | Additional Exchange Offers| Get 2 Months of YouTube Premium Free!",31822
"Redmi Note 11T 5G (Matte Black, 6GB RAM, 128GB ROM)| Dimensity 810 5G | 33W Pro Fast Charging | Charger Included | Additional Exchange Offers|Get 2 Months of YouTube Premium Free!",31822
"Redmi Note 11T 5G (Stardust White, 6GB RAM, 128GB ROM)| Dimensity 810 5G | 33W Pro Fast Charging | Charger Included | Additional Exchange Offers|Get 2 Months of YouTube Premium Free!",31822
"Duracell Rechargeable AA 2500mAh Batteries, 4 Pcs",31599
Samsung Ehs64 Ehs64Avfwecinu Hands-Free Wired In Ear Earphones With Mic With Remote Note (White),31539
"Samsung Original EHS64 Wired in Ear Earphones with Mic, Black",31539
"Fire-Boltt Ninja Calling 1.69"" Bluetooth Calling Smart Watch, Dial Pad, Speaker, AI Voice Assistant with 450 NITS Peak Brightness, Wrist Gaming & 100+ Watch Faces with SpO2, HR, Multiple Sports Mode",31305
"realme narzo 50i (Mint Green, 2GB RAM+32GB Storage) Octa Core Processor | 6.5"" inch Large Display",30907
"Infinity (JBL Fuze Pint, Wireless Ultra Portable Mini Speaker with Mic, Deep Bass, Dual Equalizer, Bluetooth 5.0 with Voice Assistant Support for Mobiles (Black)",30469
"Amazfit GTS2 Mini (New Version) Smart Watch with Always-on AMOLED Display, Alexa Built-in, SpO2, 14 Days' Battery Life, 68 Sports Modes, GPS, HR, Sleep & Stress Monitoring (Meteor Black)",30355
"Noise ColorFit Pulse Grand Smart Watch with 1.69"" HD Display, 60 Sports Modes, 150 Watch Faces, Spo2 Monitoring, Call Notification, Quick Replies to Text & Calls (Rose Pink)",30254
"Noise ColorFit Pulse Grand Smart Watch with 1.69""(4.29cm) HD Display, 60 Sports Modes, 150 Watch Faces, Fast Charge, Spo2, Stress, Sleep, Heart Rate Monitoring & IP68 Waterproof (Electric Blue)",30254
"BlueRigger Digital Optical Audio Toslink Cable (3.3 Feet / 1 Meter) With 8 Channel (7.1) Audio Support (for Home Theatre, Xbox, Playstation etc.)",30023
"BlueRigger Digital Optical Audio Toslink Cable (6 Feet / 1.8 Meter) With 8 Channel (7.1) Audio Support (for Home Theatre, Xbox, Playstation etc.)",30023
"Elv Aluminium Adjustable Mobile Phone Foldable Holder Tabletop Stand Dock Mount for All Smartphones, Tabs, Kindle, iPad (Moonlight Silver)",28978
"ELV Aluminum Adjustable Mobile Phone Foldable Tabletop Stand Dock Mount for All Smartphones, Tabs, Kindle, iPad (Black)",28978
"Oraimo 18W USB & Type-C Dual Output Super Fast Charger Wall Adapter PE2.0&Quick Charge 3.0 & Power Delivery 3.0 Compatible for iPhone 13/13 Mini/13 Pro Max/12/12 Pro Max, iPad Mini/Pro, Pixel, Galaxy, Airpods Pro",28807
AmazonBasics 6-Feet DisplayPort (not USB port) to HDMI Cable Black,28638
"pTron Bullet Pro 36W PD Quick Charger, 3 Port Fast Car Charger Adapter - Compatible with All Smartphones & Tablets (Black)",28565
"Boult Audio AirBass PowerBuds with Inbuilt Powerbank, 120H Total Playtime, IPX7 Fully Waterproof, Lightning Boult Type-C Fast Charging, Low Latency Gaming, TWS Earbuds with Pro+ Calling Mic (Black)",28324
"Duracell Ultra Alkaline AA Battery, 8 Pcs",28030
"Samsung Galaxy S20 FE 5G (Cloud Navy, 8GB RAM, 128GB Storage) with No Cost EMI & Additional Exchange Offers",27790
Mi 80 cm (32 inches) HD Ready Android Smart LED TV 4A PRO | L32M5-AL (Black),27508
Duracell Plus AAA Rechargeable Batteries (750 mAh) Pack of 4,27201
Mi 108 cm (43 inches) Full HD Android LED TV 4C | L43M6-INC (Black),27151
"SYVO WT 3130 Aluminum Tripod (133CM), Universal Lightweight Tripod with Mobile Phone Holder Mount & Carry Bag for All Smart Phones, Gopro, Cameras - Brown",27139
Spigen EZ Fit Tempered Glass Screen Protector Guard for iPhone 14/13/13 Pro - 2 Pack,26603
Panasonic CR-2032/5BE Lithium Coin Battery - Pack of 5,26556
"Panasonic Eneloop BQ-CC55N Advanced, Smart and Quick Charger for AA & AAA Rechargeable Batteries, White",25996
"Boult Audio Truebuds with 30H Playtime, IPX7 Waterproof, Lightning Boult‚Ñ¢ Type C Fast Charging (10 Min=100Mins), BoomX‚Ñ¢ Tech Rich Bass, Pro+ Calling HD Mic, Touch Controls in Ear Earbuds TWS (Grey)",25910
"Redmi Note 11 Pro + 5G (Phantom White, 8GB RAM, 128GB Storage) | 67W Turbo Charge | 120Hz Super AMOLED Display | Additional Exchange Offers | Charger Included",25824
"Redmi Note 11 Pro + 5G (Stealth Black, 6GB RAM, 128GB Storage) | 67W Turbo Charge | 120Hz Super AMOLED Display | Additional Exchange Offers | Charger Included",25824
"Redmi Note 11 Pro + 5G (Stealth Black, 8GB RAM, 256GB Storage) | 67W Turbo Charge | 120Hz Super AMOLED Display | Additional Exchange Offers | Charger Included",25824
"Infinity (JBL Fuze 100, Wireless Portable Bluetooth Speaker with Mic, Deep Bass, Dual Equalizer, IPX7 Waterproof, Rugged Fabric Design (Black)",25262
"Gizga Essentials Professional 3-in-1 Cleaning Kit for Camera, Lens, Binocular, Laptop, TV, Monitor, Smartphone, Tablet (Includes: Cleaning Liquid 100ml, Plush Microfiber Cloth, Dust Removal Brush)",24432
Tizum High Speed HDMI Cable with Ethernet | Supports 3D 4K | for All HDMI Devices Laptop Computer Gaming Console TV Set Top Box (1.5 Meter/ 5 Feet),24306
LG 80 cm (32 inches) HD Ready Smart LED TV 32LM563BPTC (Dark Iron Gray),23952
"Fire-Boltt Ninja 3 Smartwatch Full Touch 1.69 "" & 60 Sports Modes with IP68, Sp02 Tracking, Over 100 Cloud based watch faces ( Green )",22638
"Fire-Boltt Ninja 3 Smartwatch Full Touch 1.69 "" & 60 Sports Modes with IP68, Sp02 Tracking, Over 100 Cloud based watch faces ( Silver )",22638
"Samsung Galaxy M33 5G (Mystique Green, 8GB, 128GB Storage) | 6000mAh Battery | Upto 16GB RAM with RAM Plus | Travel Adapter to be Purchased Separately",22318
"tizum HDMI to VGA Adapter Cable 1080P for Projector, Computer, Laptop, TV, Projectors & TV",21924
Mi 10W Wall Charger for Mobile Phones with Micro USB Cable (Black),21916
"boAt Wave Lite Smartwatch with 1.69 Inches(4.29cm) HD Display, Heart Rate & SpO2 Level Monitor, Multiple Watch Faces, Activity Tracker, Multiple Sports Modes & IP68 (Scarlet Red)",21796
"boAt Wave Lite Smartwatch with 1.69"" HD Display, Heart Rate & SpO2 Level Monitor, Multiple Watch Faces, Activity Tracker, Multiple Sports Modes & IP68 (Deep Blue)",21796
"ZEBRONICS Zeb-Bro in Ear Wired Earphones with Mic, 3.5mm Audio Jack, 10mm Drivers, Phone/Tablet Compatible(Black)",21764
"Noise Pulse Go Buzz Smart Watch Bluetooth Calling with 1.69"" Display, 550 NITS, 150+ Cloud Watch Face, SPo2, Heart Rate Tracking, 100 Sports Mode with Auto Detection, Longer Battery (Jet Black)",21378
"DIGITEK¬Æ (DTR 260 GT) Gorilla Tripod/Mini 33 cm (13 Inch) Tripod for Mobile Phone with Phone Mount & Remote, Flexible Gorilla Stand for DSLR & Action Cameras",21372
"iQOO vivo Z6 5G (Chromatic Blue, 6GB RAM, 128GB Storage) | Snapdragon 695-6nm Processor | 120Hz FHD+ Display | 5000mAh Battery",21350
"iQOO vivo Z6 5G (Chromatic Blue, 8GB RAM, 128GB Storage) | Snapdragon 695-6nm Processor | 120Hz FHD+ Display | 5000mAh Battery",21350
"iQOO vivo Z6 5G (Dynamo Black, 6GB RAM, 128GB Storage) | Snapdragon 695-6nm Processor | 120Hz FHD+ Display | 5000mAh Battery",21350
MI 108 cm (43 inches) 5X Series 4K Ultra HD LED Smart Android TV L43M6-ES (Grey),21252
MI 138.8 cm (55 inches) 5X Series 4K Ultra HD LED Smart Android TV L55M6-ES (Grey),21252
Belkin Essential Series 4-Socket Surge Protector Universal Socket with 5ft Heavy Duty Cable (Grey),20668
"iQOO Neo 6 5G (Dark Nova, 8GB RAM, 128GB Storage) | Snapdragon¬Æ 870 5G | 80W FlashCharge",20311
"SanDisk Extreme microSD UHS I Card 128GB for 4K Video on Smartphones,Action Cams 190MB/s Read,90MB/s Write",19624
"iQOO Z6 44W by vivo (Raven Black, 6GB RAM, 128GB Storage) | 6.44"" FHD+ AMOLED Display | 50% Charge in just 27 mins | in-Display Fingerprint Scanning",19253
"iQOO Z6 44W by vivo (Lumina Blue, 4GB RAM, 128GB Storage) | 6.44"" FHD+ AMOLED Display | 50% Charge in just 27 mins | in-Display Fingerprint Scanning",19252
"iQOO Z6 44W by vivo (Lumina Blue, 6GB RAM, 128GB Storage) | 6.44"" FHD+ AMOLED Display | 50% Charge in just 27 mins | in-Display Fingerprint Scanning",19252
"iQOO Z6 44W by vivo (Raven Black, 4GB RAM, 128GB Storage) | 6.44"" FHD+ AMOLED Display | 50% Charge in just 27 mins | in-Display Fingerprint Scanning",19252
"iQOO Z6 Lite 5G by vivo (Mystic Night, 6GB RAM, 128GB Storage) | World's First Snapdragon 4 Gen 1 | 120Hz Refresh Rate | 5000mAh Battery | Travel Adapter to be Purchased Separately",19252
"iQOO Z6 Lite 5G by vivo (Stellar Green, 6GB RAM, 128GB Storage) | World's First Snapdragon 4 Gen 1 | 120Hz Refresh Rate | 5000mAh Battery | Travel Adapter to be Purchased Separately",19252
"Samsung Galaxy M13 (Aqua Green, 4GB, 64GB Storage) | 6000mAh Battery | Upto 8GB RAM with RAM Plus",18998
"Samsung Galaxy M13 (Aqua Green, 6GB, 128GB Storage) | 6000mAh Battery | Upto 12GB RAM with RAM Plus",18998
"Samsung Galaxy M13 (Midnight Blue, 4GB, 64GB Storage) | 6000mAh Battery | Upto 8GB RAM with RAM Plus",18998
"Samsung Galaxy M13 (Stardust Brown, 6GB, 128GB Storage) | 6000mAh Battery | Upto 12GB RAM with RAM Plus",18998
"Samsung Galaxy M13 5G (Stardust Brown, 6GB, 128GB Storage) | 5000mAh Battery | Upto 12GB RAM with RAM Plus",18998
"Amazon Basics HDMI Coupler,Black",18872
Portronics CLAMP X Car-Vent Mobile Holder 360 Degree Rotational(Black),18654
"boAt Stone 180 5W Bluetooth Speaker with Upto 10 Hours Playback, 1.75"" Driver, IPX7 & TWS Feature(Black)",18331
"PTron Boom Ultima 4D Dual Driver, in-Ear Gaming Wired Headphones with in-line Mic, Volume Control & Passive Noise Cancelling Boom 3 Earphones - (Dark Blue)",18202
"boAt Wave Call Smart Watch, Smart Talk with Advanced Dedicated Bluetooth Calling Chip, 1.69‚Äù HD Display with 550 NITS & 70% Color Gamut, 150+ Watch Faces, Multi-Sport Modes,HR,SpO2(Caribbean Green)",17833
"boAt Wave Call Smart Watch, Smart Talk with Advanced Dedicated Bluetooth Calling Chip, 1.69‚Äù HD Display with 550 NITS & 70% Color Gamut, 150+ Watch Faces, Multi-Sport Modes, HR, SpO2, IP68(Deep Blue)",17831
"boAt Wave Call Smart Watch, Smart Talk with Advanced Dedicated Bluetooth Calling Chip, 1.69‚Äù HD Display with 550 NITS & 70% Color Gamut, 150+ Watch Faces, Multi-Sport Modes, HR, SpO2, IP68(Mauve)",17831
"Duracell Ultra Alkaline AAA Battery, 8 Pcs",17810
"OnePlus Nord 2T 5G (Gray Shadow, 8GB RAM, 128GB Storage)",17415
"OnePlus Nord 2T 5G (Jade Fog, 12GB RAM, 256GB Storage)",17415
"OnePlus Nord 2T 5G (Jade Fog, 8GB RAM, 128GB Storage)",17415
Portronics MODESK POR-122 Universal Mobile Tabletop Holder (Black),16685
"Tukzer Capacitive Stylus Pen for Touch Screens Devices, Fine Point, Lightweight Metal Body with Magnetism Cover Cap for Smartphones/Tablets/iPad/iPad Pro/iPhone (White)",16557
Samsung 80 cm (32 inches) Wondertainment Series HD Ready LED Smart TV UA32TE40AAKBXL (Titan Gray),16299
"MI 10000mAh Lithium Ion, Lithium Polymer Power Bank Pocket Pro with 22.5 Watt Fast Charging, Dual Input Ports(Micro-USB and Type C), Triple Output Ports, (Black)",15970
"Digitek DTR 550 LW (67 Inch) Tripod For DSLR, Camera |Operating Height: 5.57 Feet | Maximum Load Capacity up to 4.5kg | Portable Lightweight Aluminum Tripod with 360 Degree Ball Head | Carry Bag Included (Black) (DTR 550LW)",15137
"Gizga Essentials Earphone Carrying Case, Multi-Purpose Pocket Storage Travel Organizer for Earphones, Headset, Pen Drives, SD Cards, Shock-Proof Ballistic Nylon, Soft Fabric, Mesh Pocket, Green",15032
"Boult Audio ZCharge Bluetooth Wireless in Ear Earphones with Mic, 40H Playtime and Super Fast Charging, Environmental Noise Cancellation for Pro+ Calling and IPX5 Water Resistant (Black)",14961
"WeCool Bluetooth Extendable Selfie Sticks with Wireless Remote and Tripod Stand, 3-in-1 Multifunctional Selfie Stick with Tripod Stand Compatible with iPhone/OnePlus/Samsung/Oppo/Vivo and All Phones",14648
Noise Buds VS201 V2 in-Ear Truly Wireless Earbuds with Dual Equalizer | with Mic | Total 14-Hour Playtime | Full Touch Control | IPX5 Water Resistance and Bluetooth v5.1 (Olive Green),14629
"Mobilife Bluetooth Extendable Selfie Stick with Tripod Stand and Wireless Remote,3-in-1 Multifunctional Selfie Stick Tripod for iPhone Samsung Mi Realme Oppo Vivo Google More,Black",14560
"USB Charger, Oraimo Elite Dual Port 5V/2.4A Wall Charger, USB Wall Charger Adapter for iPhone 11/Xs/XS Max/XR/X/8/7/6/Plus, iPad Pro/Air 2/Mini 3/Mini 4, Samsung S4/S5, and More",14404
"DIGITEK¬Æ (DRL-14C) Professional (31cm) Dual Temperature LED Ring Light with Tripod Stand & Mini Tripod for YouTube, Photo-Shoot, Video Shoot, Live Stream, Makeup, Vlogging & More",14371
Nokia 150 (2020) (Cyan),14266
AGARO Blaze USB 3.0 to USB Type C OTG Adapter,14185
"ENVIE¬Æ (AA10004PLNi-CD) AA Rechargeable Batteries, Low Self Discharge, AA 1000mAh Ni-CD (Pack of 4)",13971
Logitech H111 Wired On Ear Headphones With Mic Black,13797
"realme narzo 50 (Speed Blue, 4GB RAM+64GB Storage) Helio G96 Processor | 50MP AI Triple Camera | 120Hz Ultra Smooth Display",13246
"Boult Audio Bass Buds Q2 Lightweight Stereo Wired Over Ear Headphones Set with Mic with Deep Bass, Comfortable Ear Cushions, & Long Cord (Black)",13049
"Sounce Gold Plated 3.5 mm Headphone Splitter for Computer 2 Male to 1 Female 3.5mm Headphone Mic Audio Y Splitter Cable Smartphone Headset to PC Adapter ‚Äì (Black,20cm)",12982
"Boult Audio Airbass Propods X TWS Bluetooth Truly Wireless in Ear Earbuds with Mic, 32H Playtime, Fast Charging Type-C, Ipx5 Water Resistant, Touch Controls and Voice Assistant (Red)",12966
"Tygot 10 Inches Big LED Ring Light for Camera, Phone tiktok YouTube Video Shooting and Makeup, 10"" inch Ring Light with 7 Feet Long Foldable and Lightweight Tripod Stand",12958
AmazonBasics 3 Feet High Speed HDMI Male to Female 2.0 Extension Cable,12835
"Redmi 10A (Charcoal Black, 4GB RAM, 64GB Storage) | 2 Ghz Octa Core Helio G25 | 5000 mAh Battery | Finger Print Sensor | Upto 5GB RAM with RAM Booster",12796
"Redmi 10A (Sea Blue, 4GB RAM, 64GB Storage) | 2 Ghz Octa Core Helio G25 | 5000 mAh Battery | Finger Print Sensor | Upto 5GB RAM with RAM Booster",12796
"Redmi 10A (Slate Grey, 4GB RAM, 64GB Storage) | 2 Ghz Octa Core Helio G25 | 5000 mAh Battery | Finger Print Sensor | Upto 5GB RAM with RAM Booster",12796
"Noise Buds Vs104 Bluetooth Truly Wireless in Ear Earbuds with Mic, 30-Hours of Playtime, Instacharge, 13Mm Driver and Hyper Sync (Charcoal Black)",12452
"TIZUM High Speed HDMI Cable Aura -Gold Plated-High Speed Data 10.2Gbps, 3D, 4K, HD 1080P (10 Ft/ 3 M)",12153
Amazon Basics 16-Gauge Speaker Wire - 50 Feet,12091
"Gizga Essentials Spiral Cable Protector Cord Saver for Mac Charger, iPhone Charger, Wire Protector, Lightweight Durable Flexible Wire Winder for Charging Cables, Data Cables, Earphones, Pack of 10",11998
"Duracell Rechargeable AA 1300mAh Batteries, 4Pcs",11687
Goldmedal Curve Plus 202042 Plastic Spice 3-Pin 240V Universal Travel Adaptor (White),11339
"OnePlus 10R 5G (Forest Green, 8GB RAM, 128GB Storage, 80W SuperVOOC)",11029
"boAt Airdopes 181 in-Ear True Wireless Earbuds with ENx  Tech, Beast  Mode(Low Latency Upto 60ms) for Gaming, with Mic, ASAP  Charge, 20H Playtime, Bluetooth v5.2, IPX4 & IWP (Cool Grey)",11015
SLOVIC¬Æ Tripod Mount Adapter| Tripod Mobile Holder|Tripod Phone Mount(Made in India)| Smartphone Clip Clipper 360 Degree for Taking Magic Video Shots & Pictures.,10773
"Zebronics ZEB-VITA Wireless Bluetooth 10W Portable Bar Speaker With Supporting USB, SD Card, AUX, FM, TWS & Call Function",10751
"EGate i9 Pro-Max 1080p Native Full HD Projector 4k Support | 3600 L (330 ANSI ) | 150"" (381 cm) Large Screen | VGA, AV, HDMI, SD Card, USB, Audio Out | (E03i31 / E04i32) Black",10480
"Noise ColorFit Pro 4 Advanced Bluetooth Calling Smart Watch with 1.72"" TruView Display, Fully-Functional Digital Crown, 311 PPI, 60Hz Refresh Rate, 500 NITS Brightness (Charcoal Black)",10358
"Noise ColorFit Ultra 2 Buzz 1.78"" AMOLED Bluetooth Calling Watch with 368*448px Always On Display, Premium Metallic Finish, 100+ Watch Faces, 100+ Sports Modes, Health Suite (Jet Black)",10229
"Boult Audio Airbass Z20 True Wireless, 40H Battery Life, Zen ENC Mic, Type-C Lightning Boult Fast Charging (10Mins=100Mins), BoomX Tech Bass, ENC, IPX5 in Ear Earbuds with mic (Green)",9504
"iQOO Z6 Pro 5G by vivo (Legion Sky, 6GB RAM, 128GB Storage) | Snapdragon 778G 5G | 66W FlashCharge | 1300 nits Peak Brightness | HDR10+",9499
"iQOO Z6 Pro 5G by vivo (Legion Sky, 8GB RAM, 128GB Storage) | Snapdragon 778G 5G | 66W FlashCharge | 1300 nits Peak Brightness | HDR10+",9499
"iQOO Z6 Pro 5G by vivo (Phantom Dusk, 8GB RAM, 128GB Storage) | Snapdragon 778G 5G | 66W FlashCharge | 1300 nits Peak Brightness | HDR10+",9499
"Motorola a10 Dual Sim keypad Mobile with 1750 mAh Battery, Expandable Storage Upto 32GB, Wireless FM with Recording - Dark Blue",9378
"Motorola a10 Dual Sim keypad Mobile with 1750 mAh Battery, Expandable Storage Upto 32GB, Wireless FM with Recording - Rose Gold",9378
"STRIFF Wall Mount Phone Holder Wall Mount with Adhesive Strips, Charging Holder Compatible with iPhone, Smartphone and Mini Tablet (Pack of 1) (White)",9340
"ZEBRONICS Zeb-Evolve Wireless in Ear Neckband Earphone with Supporting Bluetooth v5.0, Voice Assistant, Rapid Charge, Call Function & Magnetic Earpiece, with mic (Metallic Blue)",9169
"Fire-Boltt Ring Pro Bluetooth Calling, 1.75‚Äù 320*385px High Res, IP68 & SpO2 Monitoring, Pin Code Locking Functionality & Split Screen Access, Built in Mic & Speaker for HD Calls, Black, Free Size",9090
OpenTech¬Æ Military-Grade Tempered Glass Screen Protector Compatible for iPhone 13/13 Pro / 14 with Edge to Edge Coverage and Easy Installation kit (6.1 Inches),8891
Samsung 25W USB Travel Adapter for Cellular Phones - White,8891
"Samsung Galaxy M53 5G (Deep Ocean Blue, 6GB, 128GB Storage) | 108MP | sAmoled+ 120Hz | 12GB RAM with RAM Plus | Travel Adapter to be Purchased Separately",8866
AmazonBasics - High-Speed Male to Female HDMI Extension Cable - 6 Feet,8714
"Portronics Adapto 20 Type C 20W Fast PD/Type C Adapter Charger with Fast Charging for iPhone 12/12 Pro/12 Mini/12 Pro Max/11/XS/XR/X/8/Plus, iPad Pro/Air/Mini, Galaxy 10/9/8 (Adapter Only) White",8599
"iQOO 9 SE 5G (Sunset Sierra, 8GB RAM, 128GB Storage) | Qualcomm Snapdragon 888 | 66W Flash Charge",8399
"URBN 20000 mAh Lithium_Polymer 22.5W Super Fast Charging Ultra Compact Power Bank with Quick Charge & Power Delivery, Type C Input/Output, Made in India, Type C Cable Included (Camo)",8380
"Redmi A1 (Black, 2GB RAM, 32GB Storage) | Segment Best AI Dual Cam | 5000mAh Battery | Leather Texture Design | Android 12",7807
"Redmi A1 (Light Blue, 2GB RAM, 32GB Storage) | Segment Best AI Dual Cam | 5000mAh Battery | Leather Texture Design | Android 12",7807
"Redmi A1 (Light Green, 2GB RAM 32GB ROM) | Segment Best AI Dual Cam | 5000mAh Battery | Leather Texture Design | Android 12",7807
Spigen EZ Fit Tempered Glass Screen Protector for iPhone 14 Pro Max - 2 Pack (Sensor Protection),7779
TATA SKY HD Connection with 1 month basic package and free installation,7636
"Noise Pulse Buzz 1.69"" Bluetooth Calling Smart Watch with Call Function, 150 Watch Faces, 60 Sports Modes, Spo2 & Heart Rate Monitoring, Calling Smart Watch for Men & Women - Jet Black",7571
"Noise Pulse Buzz 1.69"" Bluetooth Calling Smart Watch with Call Function, 150 Watch Faces, 60 Sports Modes, Spo2 & Heart Rate Monitoring, Calling Smart Watch for Men & Women - Rose Pink",7571
"Samsung Original 25W USB Travel Lightning Adapter for Cellular Phones, Black",7462
OnePlus 108 cm (43 inches) Y Series 4K Ultra HD Smart Android LED TV 43Y1S Pro (Black),7298
OnePlus 126 cm (50 inches) Y Series 4K Ultra HD Smart Android LED TV 50Y1S Pro (Black),7298
"Ambrane 10000mAh Slim Power Bank, 20W Fast Charging, Dual Output, Type C PD (Input & Output), Quick Charge, Li-Polymer, Multi-Layer Protection for iPhone, Anrdoid & Other Devices (Stylo 10K, Black)",7222
"Ambrane 10000mAh Slim Power Bank, 20W Fast Charging, Dual Output, Type C PD (Input & Output), Quick Charge, Li-Polymer, Multi-Layer Protection for iPhone, Anrdoid & Other Devices (Stylo 10K, Green)",7222
"Noise Pulse 2 Max Advanced Bluetooth Calling Smart Watch with 1.85'' TFT and 550 Nits Brightness, Smart DND, 10 Days Battery, 100 Sports Mode, Smartwatch for Men and Women - (Jet Black)",7148
Samsung 108 cm (43 inches) Crystal 4K Neo Series Ultra HD Smart LED TV UA43AUE65AKXXL (Black),7109
Samsung 108 cm (43 inches) Crystal 4K Series Ultra HD Smart LED TV UA43AUE60AKLXL (Black),7109
Samsung 138 cm (55 inches) Crystal 4K Neo Series Ultra HD Smart LED TV UA55AUE65AKXXL (Black),7109
Samsung 138 cm (55 inches) Crystal 4K Series Ultra HD Smart LED TV UA55AUE60AKLXL (Black),7109
"Tygot Bluetooth Extendable Selfie Sticks with Wireless Remote and Tripod Stand, 3-in-1 Multifunctional Selfie Stick with Tripod Stand Compatible with iPhone/OnePlus/Samsung/Oppo/Vivo and All Phones",6764
OnePlus 138.7 cm (55 inches) U Series 4K LED Smart Android TV 55U1S (Black),6753
OnePlus 163.8 cm (65 inches) U Series 4K LED Smart Android TV 65U1S (Black),6753
"ZEBRONICS Zeb-Fame 5watts 2.0 Multi Media Speakers with AUX, USB and Volume Control (Black)",6742
"DIGITEK¬Æ (DTR-200MT) (18 CM) Portable & Flexible Mini Tripod with Mobile Holder & 360 Degree Ball Head, For Smart Phones, Compact Cameras, GoPro, Maximum Operating Height: 7.87 Inch, Maximum Load Upto: 1 kgs",6676
"Tecno Spark 8T (Turquoise Cyan, 4GB RAM,64GB Storage) | 50MP AI Camera | 7GB Expandable RAM",6662
TCL 100 cm (40 inches) Full HD Certified Android R Smart LED TV 40S6505 (Black),6659
VW 80 cm (32 inches) HD Ready Android Smart LED TV VW32PRO (Black),6347
"Tukzer Stylus Pen, iPad Pencil with Palm Rejection Tilt Sensor| 2nd Gen for 2018-2022 iPad 6/7/8/9th Gen; iPad 10.2"", Pro 12.9/11"", Mini 6/5th, Air 5/4/3rd, Precise for Writing/Drawing (3 Spare Tips)",6233
"DIGITEK¬Æ (DLS-9FT) Lightweight & Portable Aluminum Alloy Light Stand for Ring Light, Reflector, Flash Units, Diffuser, Portrait, Softbox, Studio Lighting & More Ideal for Outdoor & Indoor Shoots",6183
Spigen EZ Fit Tempered Glass Screen Protector for iPhone 14 Pro - 2 Pack (Sensor Protection),6129
Kodak 80 cm (32 inches) HD Ready Certified Android LED TV 32HDX7XPRO (Black),6088
Sony Bravia 164 cm (65 inches) 4K Ultra HD Smart LED Google TV KD-65X74K (Black),5935
"Noise ColorFit Ultra Buzz Bluetooth Calling Smart Watch with 1.75"" HD Display, 320x385 px Resolution, 100 Sports Modes, Stock Market Info Smartwatch for Men & Women (Olive Green)",5852
"Imou 360¬∞ 1080P Full HD Security Camera, Human Detection, Motion Tracking, 2-Way Audio, Night Vision, Dome Camera with WiFi & Ethernet Connection, Alexa Google Assistant, Up to 256GB SD Card Support",5554
"Tukzer Fully Foldable Tabletop Desktop Tablet Mobile Stand Holder - Angle & Height Adjustable for Desk, Cradle, Dock, Compatible with Smartphones & Tablets (White)",5072
"DYAZO USB 3.0 Type C Female to USB A Male Connector/Converter/Adapter Compatible for Samsung Galaxy Note s 20 10 Plus Ultra,Google Pixel 4 5 3 2 & Other Type-c Devices",4971
"Portronics CarPower Mini Car Charger with Dual Output, Fast Charging (Type C PD 18W + QC 3.0A) Compatible with All Smartphones(Black)",4969
Fujifilm Instax Mini Single Pack 10 Sheets Instant Film for Fuji Instant Cameras,4875
"Samsung Galaxy Watch4 Bluetooth(4.4 cm, Black, Compatible with Android only)",4744
Sounce Protective Case Cover Compatible Boat Xtend Overall Protective Case TPU HD Clear Ultra-Thin Cover with Unbreakable Screen Guard,4740
Acer 109 cm (43 inches) I Series 4K Ultra HD Android Smart LED TV AR43AR2851UDFL (Black),4703
Acer 127 cm (50 inches) I Series 4K Ultra HD Android Smart LED TV AR50AR2851UDFL (Black),4703
Acer 139 cm (55 inches) I Series 4K Ultra HD Android Smart LED TV AR55AR2851UDFL (Black),4703
Acer 80 cm (32 inches) I Series HD Ready Android Smart LED TV AR32AR2841HDFL (Black),4703
Acer 100 cm (40 inches) P Series Full HD Android Smart LED TV AR40AR2841FDFL (Black),4702
"POPIO Tempered Glass Screen Protector Compatible for iPhone 12 / iPhone 12 Pro with Case Friendly Edge to Edge Coverage and Easy Installation kit, Pack of 1",4674
"Zebronics Zeb-JUKEBAR 3900, 80W Multimedia soundbar with subwoofer Supporting Bluetooth, HDMI(ARC), Coaxial Input, AUX, USB & Remote Control (Black)",4541
"PTron Newly Launched Force X10 Bluetooth Calling Smartwatch with 1.7"" Full Touch Color Display, Real Heart Rate Monitor, SpO2, Watch Faces, 5 Days Runtime, Fitness Trackers & IP68 Waterproof (Blue)",4415
"PTron Newly Launched Force X10 Bluetooth Calling Smartwatch with 1.7"" Full Touch Color Display, Real Heart Rate Monitor, SpO2, Watch Faces, 5 Days Runtime, Fitness Trackers & IP68 Waterproof (Pink)",4415
"PTron Newly Launched Force X10 Bluetooth Calling Smartwatch with 1.7"" Full Touch Display, Real Heart Rate Monitor, SpO2, Watch Faces, 5 Days Runtime, Health/Fitness Trackers & IP68 Waterproof (Black)",4415
"Samsung Galaxy Buds Live Bluetooth Truly Wireless in Ear Earbuds with Mic, Upto 21 Hours Playtime, Mystic Black",4390
"CableCreation RCA to 3.5mm Male Audio Cable, 3.5mm to 2RCA Cable Male RCA Cable,Y Splitter Stereo Jack Cable for Home Theater,Subwoofer, Receiver, Speakers and More (3Feet/0.9Meter,Black)",4296
Dealfreez Case Compatible with Fire TV Stick 3rd Gen 2021 Full Wrap Silicone Remote Cover Anti-Lost with Loop (D-Black),4145
VW 60 cm (24 inches) Premium Series HD Ready LED TV VW24A (Black),4003
VW 80 cm (32 inches) Frameless Series HD Ready LED TV VW32A (Black),4003
"STRIFF 12 Pieces Highly Flexible Silicone Micro USB Protector, Mouse Cable Protector, Suit for All Cell Phones, Computers and Chargers (White)",3898
"10k 8k 4k HDMI Cable, Certified 48Gbps 1ms Ultra High Speed HDMI 2.1 Cable 4k 120Hz 144Hz 2k 165Hz 8k 60Hz Dynamic HDR ARC eARC DTS:X Compatible for Mac Gaming PC Soundbar TV Monitor Laptop PS5 4 Xbox",3664
"WeCool C1 Car Mobile Holder with One Click Technology,360¬∞ Rotational, Strong Suction Cup,Compatible with 4 to 6 Inch Devices, Wildshield and Dashboard Mobile Holder for Car, and Use",3626
Qubo Smart Cam 360 from Hero Group | Made in India | 2MP 1080p Full HD | CCTV Wi-Fi Camera | 360 Degree Coverage| Two Way Talk | Mobile App Connectivity | Night Vision | Cloud & SD Card Recording,3606
VU 139 cm (55 inches) The GloLED Series 4K Smart LED Google TV 55GloLED (Grey),3587
VU 164 cm (65 inches) The GloLED Series 4K Smart LED Google TV 65GloLED (Grey),3587
AmazonBasics Digital Optical Coax to Analog RCA Audio Converter Adapter with Fiber Cable,3565
AmazonBasics 108 cm (43 inches) 4K Ultra HD Smart LED Fire TV AB43U20PS (Black),3518
"Noise Buds VS402 Truly Wireless in Ear Earbuds, 35-Hours of Playtime, Instacharge, Quad Mic with ENC, Hyper Sync, Low Latency, 10mm Driver, Bluetooth v5.3 and Breathing LED Lights (Neon Black)",3517
Myvn 30W Warp/20W Dash Charging Usb Type C Charger Cable Compatible For Cellular Phones Oneplus 8T 8 8Pro 7 Pro / 7T / 7T Pro Nord And Oneplus 3 / 3T / 5 / 5T / 6 / 6T / 7,3492
"Zebronics Zeb Buds C2 in Ear Type C Wired Earphones with Mic, Braided 1.2 Metre Cable, Metallic Design, 10mm Drivers, in Line Mic & Volume Controller (Blue)",3454
"Boult Audio FXCharge with ENC, 32H Playtime, 5min=7H Type C Fast Charging, Zen ENC, 14.2 mm BoomX Rich Bass, IPX5, Bluetooth Wireless in Ear Earphones Neckband with mic (Black)",3390
"HP w100 480P 30 FPS Digital Webcam with Built-in Mic, Plug and Play Setup, Wide-Angle View for Video Calling on Skype, Zoom, Microsoft Teams and Other Apps (Black)",3369
Airtel Digital TV HD Set Top Box with 1 Month Basic Pack with Recording + Free Standard Installation,3300
"Saifsmart Outlet Wall Mount Hanger Holder for Dot 3rd Gen, Compact Bracket Case Plug and Built-in Cable Management for Kitchen Bathroom, Bedroom (Black)",3295
"SWAPKART Flexible Mobile Tabletop Stand, Metal Built, Heavy Duty Foldable Lazy Bracket Clip Mount Multi Angle Clamp for All Smartphones (Pack of 1), Multi Color",3234
"pTron Volta Dual Port 12W Smart USB Charger Adapter, Multi-Layer Protection, Made in India, BIS Certified, Fast Charging Power Adaptor Without Cable for All iOS & Android Devices (Black)",3197
"Ambrane 27000mAh Power Bank, 20W Fast Charging, Triple Output, Type C PD (Input & Output), Quick Charge, Li-Polymer, Multi-Layer Protection for iPhone, Smartphones & Other Devices (Stylo Pro, Black)",3156
"Tecno Spark 9 (Sky Mirror, 6GB RAM,128GB Storage) | 11GB Expandable RAM | Helio G37 Gaming Processor",3145
"OnePlus 10T 5G (Moonstone Black, 8GB RAM, 128GB Storage)",3075
"KINGONE Wireless Charging Pencil (2nd Generation) for iPad with Magnetic and Tilt Sensitive, Palm Rejection, Compatible with Apple iPad Pro 11 inch 1/2/3/4, iPad Pro 12.9 Inch 3/4/5/6, iPad Air 4/5, mini6",3052
Kodak 80 cm (32 Inches) HD Ready LED TV Kodak 32HDX900S (Black),3022
Tata Sky Universal Remote,2960
TCL 108 cm (43 inches) 4K Ultra HD Certified Android Smart LED TV 43P615 (Black),2951
"boAt Stone 250 Portable Wireless Speaker with 5W RMS Immersive Audio, RGB LEDs, Up to 8HRS Playtime, IPX7 Water Resistance, Multi-Compatibility Modes(Black)",2908
Duracell Chhota Power AA Battery Set of 10 Pcs,2866
"Model-P4 6 Way Swivel Tilt Wall Mount 32-55-inch Full Motion Cantilever for LED,LCD and Plasma TV's",2727
"Smashtronics¬Æ - Case for Firetv Remote, Fire Stick Remote Cover Case, Silicone Cover for TV Firestick 4K/TV 2nd Gen(3rd Gen) Remote Control - Light Weight/Anti Slip/Shockproof (Black)",2670
Amozo Ultra Hybrid Camera and Drop Protection Back Cover Case for iPhone 13 (TPU + Polycarbonate | Crystal Transparent),2646
Universal Remote Control for All Sony TV for All LCD LED and Bravia TVs Remote,2640
"Croma 80 cm (32 Inches) HD Ready LED TV (CREL7369, Black) (2021 Model)",2581
"ZEBRONICS Zeb-Buds 30 3.5Mm Stereo Wired in Ear Earphones with Mic for Calling, Volume Control, Multifunction Button, 14Mm Drivers, Stylish Eartip,1.2 Meter Durable Cable and Lightweight Design(Red)",2492
"STRIFF Multi Angle Tablet/Mobile Stand. Holder for iPhone, Android, Samsung, OnePlus, Xiaomi. Portable,Foldable Stand.Perfect for Bed,Office, Home,Gift and Desktop (Black)",2451
"STRIFF UPH2W Multi Angle Tablet/Mobile Stand. Holder for iPhone, Android, Samsung, OnePlus, Xiaomi. Portable,Foldable Stand.Perfect for Bed,Office, Home,Gift and Desktop (White)",2451
"Lava A1 Josh 21(Blue Silver) -Dual Sim,Call Blink Notification,Military Grade Certified with 4 Day Battery Backup, Keypad Mobile",2352
Elv Mobile Phone Mount Tabletop Holder for Phones and Tablets - Black,2351
"Wecool Moonwalk M1 ENC True Wireless in Ear Earbuds with Mic, Titanium Drivers for Rich Bass Experience, 40+ Hours Play Time, Type C Fast Charging, Low Latency, BT 5.3, IPX5, Deep Bass (Black)",2284
"Sony WI-C100 Wireless Headphones with Customizable Equalizer for Deep Bass & 25 Hrs Battery, DSEE-Upscale, Splash Proof, 360RA, Fast Pair, in-Ear Bluetooth Headset with mic for Phone Calls (Black)",2272
"Airtel DigitalTV DTH Television, Setup Box Remote Compatible for SD and HD Recording (Black)",2201
"Redmi 11 Prime 5G (Meadow Green, 4GB RAM 64GB ROM) | Prime Design | MTK Dimensity 700 | 50 MP Dual Cam | 5000mAh | 7 Band 5G",2180
"Redmi 11 Prime 5G (Thunder Black, 4GB RAM, 64GB Storage) | Prime Design | MTK Dimensity 700 | 50 MP Dual Cam | 5000mAh | 7 Band 5G",2180
"Amazon Basics 10.2 Gbps High-Speed 4K HDMI Cable with Braided Cord, 1.8 Meter, Dark Grey",2165
"Flix (Beetel) Bolt 2.4 12W Dual USB Smart Charger, Made in India, Bis Certified, Fast Charging Power Adaptor with 1 Meter USB to Type C Cable for Cellular Phones (White)(Xwc-64D)",2147
"FLiX Usb Charger,Flix (Beetel) Bolt 2.4 Dual Poart,5V/2.4A/12W Usb Wall Charger Fast Charging,Adapter For Android/Iphone 11/Xs/Xs Max/Xr/X/8/7/6/Plus,Ipad Pro/Air 2/Mini 3/4,Samsung S4/S5 & More-Black",2147
"Duracell Ultra Alkaline D Battery, 2 Pcs",2111
"Boult Audio Omega with 30dB ANC+ ENC, 32H Playtime, 45ms Latency Gaming Mode, Quad Mic Zen ENC, 3 Equalizer Modes, ANC, Type-C Fast Charging, IPX5 True Wireless in Ear Bluetooth Earbuds (Black)",1986
LRIPL Compatible Sony Bravia LCD/led Remote Works with Almost All Sony led/LCD tv's,1951
"STRIFF 12 Pieces Highly Flexible Silicone Micro USB Protector, Mouse Cable Protector, Suit for All Cell Phones, Computers and Chargers (Black)",1949
"ZEBRONICS Zeb-Sound Bomb N1 True Wireless in Ear Earbuds with Mic ENC, Gaming Mode (up to 50ms), up to 18H Playback, BT V5.2, Fidget Case, Voice Assistant, Splash Proof, Type C (Midnight Black)",1913
CP PLUS 2MP Full HD Smart Wi-fi CCTV Security Camera | 360¬∞ with Pan Tilt | Two Way Talk | Cloud Monitor | Motion Detect | Night Vision | Supports SD Card (Up to 128 GB) | Alexa & Ok Google | CP-E21A,1880
Spigen Ultra Hybrid Back Cover Case Compatible with iPhone 14 Pro max (TPU + Poly Carbonate | Crystal Clear),1801
SVM Products Unbreakable Set Top Box Stand with Dual Remote Holder (Black),1796
"Ambrane Mobile Holding Stand, 180¬∞ Perfect View, Height Adjustment, Wide Compatibility, Multipurpose, Anti-Skid Design (Twistand, Black)",1786
"ZEBRONICS Zeb-Astra 20 Wireless BT v5.0 Portable Speaker with 10W RMS Output, TWS, 10H Backup Approx, Built in Rechargeable Battery FM Radio, AUX, mSD, USB, Call Function and Dual 52mm Drivers Multi",1779
MI 33W SonicCharge 2.0 USB Charger for Cellular Phones - White,1777
Kodak 139 cm (55 inches) 4K Ultra HD Smart LED TV 55CA0909 (Black),1712
"Duracell 38W Fast Car Charger Adapter with Dual Output. Quick Charge, Type C PD 20W & Qualcomm Certified 3.0 Compatible for iPhone, All Smartphones, Tablets & More (Copper & Black)",1680
Toshiba 108 cm (43 inches) V Series Full HD Smart Android LED TV 43V35KP (Silver),1657
"Nokia 8210 4G Volte keypad Phone with Dual SIM, Big Display, inbuilt MP3 Player & Wireless FM Radio | Blue",1641
Acer 139 cm (55 inches) H Series 4K Ultra HD Android Smart LED TV AR55AR2851UDPRO (Black),1611
Acer 80 cm (32 inches) S Series HD Ready Android Smart LED TV AR32AR2841HDSB (Black),1611
Isoelite Remote Compatible for Samsung LED/LCD Remote Control Works with All Samsung LED/LCD TV Model No :- BN59-607A (Please Match The Image with Your Old Remote),1588
Hisense 126 cm (50 inches) Bezelless Series 4K Ultra HD Smart LED Google TV 50A6H (Black),1555
Kodak 126 cm (50 inches) Bezel-Less Design Series 4K Ultra HD Smart Android LED TV 50UHDX7XPROBL (Black),1510
Kodak 80 cm (32 inches) HD Ready Certified Android Smart LED TV 32HDX7XPROBL (Black),1510
"Sounce 360 Adjustable Mobile Phone Holder, Universal Phone Holder Clip Lazy Bracket Flexible Gooseneck Clamp Long Arms Mount for Mobile Tabletop Stand for Bedroom, Office, Bathroom, White",1475
Amozo Ultra Hybrid Camera and Drop Protection Back Cover Case for iPhone 13 (Polycarbonate| Back Transparent - Sides Black),1454
Airtel DigitalTV DTH Remote SD/HD/HD Recording Compatible for Television (Shining Black ),1383
LG 108 cm (43 inches) 4K Ultra HD Smart LED TV 43UQ7500PSF (Ceramic Black),1376
LG 139 cm (55 inches) 4K Ultra HD Smart LED TV 55UQ7500PSF (Ceramic Black),1376
"MI REDMI 9i Sport (Carbon Black, 64 GB) (4 GB RAM)",1376
MI Xiaomi 22.5W Fast USB Type C Charger Combo for Tablets - White,1315
iFFALCON 80 cm (32 inches) HD Ready Smart LED TV¬†32F53 (Black),1269
Hisense 108 cm (43 inches) 4K Ultra HD Smart Certified Android LED TV 43A6GE (Black),1259
Posh 1.5 Meter High Speed Gold Plated HDMI Male to Female Extension Cable (Black),1237
"Caprigo Heavy Duty TV Wall Mount Bracket for 14 to 32 Inch LED/HD/Smart TV‚Äôs, Universal Fixed TV Wall Mount Stand (M452)",1236
LOHAYA Television Remote Compatible with Samsung Smart LED/LCD/HD TV Remote Control [ Compatible for All Samsung Tv Remote Control ],1193
"WeCool B1 Mobile Holder for Bikes or Bike Mobile Holder for Maps and GPS Navigation, one Click Locking, Firm Gripping, Anti Shake and Stable Cradle Clamp with 360¬∞ Rotation Bicycle Phone Mount",1193
Boult Audio BassBuds Oak in-Ear Wired Earphones with 10mm Extra Bass Driver and HD Sound with mic(Brown),1173
"Caprigo Heavy Duty TV Wall Mount Stand for 12 to 27 inches LED/LCD/Monitor Screen's, Full Motion Rotatable Universal TV & Monitor Wall Mount Bracket with Swivel & Tilt Adjustments (Single Arm - M416)",1161
"LOHAYA Remote Compatible for Mi Smart LED TV 4A Remote Control (32""/43"") [ Compatible for Mi Tv Remote Control ] [ Compatible for Mi Smart LED Tv Remote Control ]",1079
LG 80 cm (32 inches) HD Ready Smart LED TV 32LQ576BPSA (Ceramic Black),1035
"AmazonBasics 10.2 Gbps High-Speed 4K HDMI Cable with Braided Cord (10-Foot, Dark Grey)",1029
VU 108 cm (43 inches) Premium Series Full HD Smart LED TV 43GA (Black),1001
Eveready Red 1012 AAA Batteries - Pack of 10,989
Crypo‚Ñ¢ Universal Remote Compatible with Tata Sky Universal HD & SD Set top Box (Also Works with All TV),928
Rts‚Ñ¢ High Speed 3D Full HD 1080p Support (10 Meters) HDMI Male to HDMI Male Cable TV Lead 1.4V for All Hdmi Devices- Black (10M - 30 FEET),910
SKYWALL 81.28 cm (32 inches) HD Ready Smart LED TV 32SWELS-PRO (Black),902
"Cubetek 3 in 1 LCD Display V5.0 Bluetooth Transmitter Receiver, Bypass Audio Adapter with Aux, Optical, Dual Link Support for TV, Home Stereo, PC, Headphones, Speakers, Model: CB-BT27",897
Cotbolt Silicone Case Cover Compatible for Samsung BN59-01312A QLED 8K 4K Smart TV Remote Shockproof Protective Remote Cover (Black),839
"Noise Agile 2 Buzz Bluetooth Calling Smart Watch with 1.28"" TFT Display,Dual Button,in-Built Mic & Speaker,AI Voice Assistant, Health Suite,in-Built Games, 100 Watch Faces-(Jet Black)",828
"Fire-Boltt Tank 1.85"" Bluetooth Calling Smart Watch, 123 Sports Mode, 8 UI Interactions, Built in Speaker & Mic, 7 Days Battery & Fire-Boltt Health Suite",768
"OnePlus Nord Watch with 1.78‚Äù AMOLED Display, 60 Hz Refresh Rate, 105 Fitness Modes, 10 Days Battery, SPO2, Heart Rate, Stress Monitor, Women Health Tracker & Multiple Watch Face [Midnight Black]",758
"POPIO Tempered Glass Compatible for iPhone 13 / iPhone 13 Pro/iPhone 14 (Transparent) Edge to Edge Full Screen Coverage with Installation Kit, Pack of 2",714
"Astigo Compatible Remote Control for Mi Smart LED 4A (43""/32"")",708
"Tokdis MX-1 Pro Bluetooth Calling Smartwatch - 1.69‚Äù LCD Display, Multiple Watch Faces, Sleep Monitor, Heart & SpO2 Monitoring, Multiple Sports Modes, Water Resistant",681
"boAt Airdopes 191G True Wireless Earbuds with ENx‚Ñ¢ Tech Equipped Quad Mics, Beast‚Ñ¢ Mode(Low Latency- 65ms) for Gaming, 2x6mm Dual Drivers, 30H Playtime, IPX5, IWP‚Ñ¢, Appealing Case LEDs(Sport Blue)",676
Eveready 1015 Carbon Zinc AA Battery - 10 Pieces,644
Irusu Play VR Plus Virtual Reality Headset with Headphones for Gaming (Black),621
Kyosei Advanced Tempered Glass Compatible with Google Pixel 6a with Military-Grade Anti-Explosion Edge-to-Edge Coverage Screen Protector Guard,596
"Silicone Rubber Earbuds Tips, Eartips, Earpads, Earplugs, for Replacement in Earphones and Bluetooth Medium Size (10 Pcs Black)",594
VW 80 cm (32 inches) Playwall Frameless Series HD Ready Android Smart LED TV VW3251 (Black),592
Electvision Remote Control Compatible with Amazon Fire tv Stick (Pairing Manual Will be Back Side Remote Control)(P),590
7SEVEN¬Æ Bluetooth Voice Command Remote for Xiaomi Redmi Mi Smart TV with Netflix & Prime Video Hot Keys XMRM-00A,576
Sansui 140cm (55 inches) 4K Ultra HD Certified Android LED TV with Dolby Audio & Dolby Vision JSW55ASUHD (Mystique Black),567
"PRUSHTI COVER AND BAGS, Protective Case for Airtel Xstream settop Box Remote Remote Control Pouch Cover Holder PU Leather Cover Holder(only Cover for Selling Purpose)",538
Dealfreez Case Compatible for Fire TV Stick 4K All Alexa Voice Remote Shockproof Silicone Anti-Lost Cover with Loop (C-Black),513
Cotbolt Silicone Protective Case Cover for LG an MR21GA Magic Remote Shockproof for LG Smart TV Remote 2021 Protective Skin Waterproof Anti Lost (Black) (Remote Not Included),505
7SEVEN¬Æ Compatible for Samsung Smart 4K Ultra HD TV Monitor Remote Control Replacement of Original Samsung TV Remote for LED OLED UHD QLED and Suitable for 6 7 8 Series Samsung TV with Hot Keys BN59-01259E,493
LOHAYA Television Remote Compatible for VU LED LCD HD Tv Remote Control Model No :- EN2B27V,490
"WeCool S5 Long Selfie Stick, with Large Reinforced Tripod Stand up to 61 Inch / 156 Cms, Ultra Long Multi Function Bluetooth Selfie Stick with 1/4 Screw Compatible with Gopro, Camera, and Ring Light",490
"Duracell CR2016 3V Lithium Coin Battery, 5 pcs, 2016 Coin Button Cell Battery, DL2016",485
SoniVision SA-D10 SA-D100 SA-D40 Home Theater Systems Remote Compatible with Sony RM-ANU156,479
LOHAYA LCD/LED Remote Compatible for Sony Bravia Smart LCD LED UHD OLED QLED 4K Ultra HD TV Remote Control with YouTube & Netflix Function [ Compatible for Sony Tv Remote Control ],466
Prolet Classic Bumper Case Cover for Samsung Galaxy Watch 4 44mm TPU Plated Full Screen Protector (Black),465
Acer 80 cm (32 inches) N Series HD Ready TV AR32NSV53HD (Black),457
7SEVEN¬Æ TCL Remote Control Smart TV RC802V Remote Compatible for TCL TV Remote Original 55EP680 40A325 49S6500 55P8S 55P8 50P8 65P8 40S6500 43S6500FS 49S6800FS 49S6800 49S6510FS(Without Voice Function/Google Assistant and Non-Bluetooth remote),431
Astigo Compatible Remote for Airtel Digital Set Top Box (Pairing Required with TV Remote),425
"Zebronics Astra 10 Portable Wireless BT v5.0 Speaker, 10W RMS Power, 15* Hours Backup, 2.25"" Drive Size, up to 6.4"" Mobile Holder Support, Carry Handle, USB, mSD, AUX Input and FM Radio with Antenna",418
"10WeRun Id-116 Bluetooth Smartwatch Wireless Fitness Band for Boys, Girls, Men, Women & Kids | Sports Gym Watch for All Smart Phones I Heart Rate and spo2 Monitor",412
Caldipree Silicone Case Cover Compatible for 2022 Samsung Smart TV Remote QLED TV BN68-13897A TM2280E (2022-BLACK),407
TCL 80 cm (32 inches) HD Ready Certified Android Smart LED TV 32S5205 (Black),398
"Bestor ¬Æ 8K Hdmi 2.1 Cable 48Gbps 9.80Ft/Ultra High Speed Hdmi Braided Cord For Roku Tv/Ps5/Hdtv/Blu-Ray Projector, Laptop, Television, Personal Computer, Xbox, Ps4, Ps5, Ps4 Pro (1 M, Grey)",390
"Duracell CR2025 3V Lithium Coin Battery, 5 pcs, 2025 Coin Button Cell Battery, DL2025",357
Karbonn 80 cm (32 inches) Millenium Bezel-Less Series HD Ready Smart LED TV KJW32SKHD (Phantom Black),350
Electvision Remote Control Compatible with Kodak/Thomson Smart led tv (Without Voice) Before Placing Order for verification Contact Our coustmer Care 7738090464,343
Tata Sky Universal Remote Compatible for SD/HD,339
7SEVEN¬Æ Compatible for Mi tv Remote Control Original Suitable with Smart Android 4K LED Non Voice Command Xiaomi Redmi Remote of 4A Model 32 43 55 65 inches,323
Sony TV - Remote Compatible for Sony LED Remote Control Works with Sony LED TV by Trend Trail Speed tech & Remote hi Remote & REO India only,313
"LAPSTER 12pcs Spiral Cable Protectors for Charger, Wires, Data Charger Cable Protector for Computers, Cell Phones etc.(Grey)",305
Airtel Digital TV HD Set Top Box with FTA Pack | Unlimited Entertainment + Recording Feature + Free Standard Installation (6 Months Pack),301
"LRIPL Mi Remote Control with Netflix & Prime Video Button Compatible for Mi 4X LED Android Smart TV 4A Remote Control (32""/43"") with Voice Command (Pairing Required)",285
7SEVEN¬Æ Compatible Lg Smart Tv Remote Suitable for Any LG LED OLED LCD UHD Plasma Android Television and AKB75095303 replacement of Original Lg Tv Remote Control,284
"Samsung Galaxy M04 Dark Blue, 4GB RAM, 128GB Storage | Upto 8GB RAM with RAM Plus | MediaTek Helio P35 | 5000 mAh Battery",284
"Samsung Galaxy M04 Dark Blue, 4GB RAM, 64GB Storage | Upto 8GB RAM with RAM Plus | MediaTek Helio P35 | 5000 mAh Battery",284
"Samsung Galaxy M04 Light Green, 4GB RAM, 64GB Storage | Upto 8GB RAM with RAM Plus | MediaTek Helio P35 | 5000 mAh Battery",284
"KRISONS Thunder Speaker, Multimedia Home Theatre, Floor Standing Speaker, LED Display with Bluetooth, FM, USB, Micro SD Card, AUX Connectivity",282
"POCO C31 (Royal Blue, 64 GB) (4 GB RAM)",276
7SEVEN¬Æ Compatible for Sony Bravia LCD LED UHD OLED QLED 4K Ultra HD TV remote control with YouTube and NETFLIX Hotkeys. Universal Replacement for Original Sony Smart Android tv Remote Control,254
Remote Compatible for Samsung LED/LCD Remote Control Works with Samsung LED/LCD TV by Trend Trail,246
"Newly Launched Boult Dive+ with 1.85"" HD Display, Bluetooth Calling Smartwatch, 500 Nits Brightness, 7 Days Battery Life, 150+ Watch Faces, 100+ Sport Modes, IP68 Waterproof Smart Watch (Jet Black)",240
7SEVEN¬Æ Compatible with Fire Tv Stick Remote with Voice Command Feature Suitable for Second Generation Amazon Fire Tv Stick Remote Only - Pairing Must,227
Realme Smart TV Stick 4K,224
7SEVEN¬Æ Suitable Sony Tv Remote Original Bravia for Smart Android Television Compatible for Any Model of LCD LED OLED UHD 4K Universal Sony Remote Control,214
VU 138 cm (55 inches) Premium Series 4K Ultra HD Smart IPS LED TV 55UT (Black),211
"boAt BassHeads 122 Wired Earphones with Heavy Bass, Integrated Controls and Mic (Gun Metal)",206
"LUNAGARIYA¬Æ, Protective Case Compatible with JIO Settop Box Remote Control,PU Leather Cover Holder (Before Placing Order,Please Compare The Dimensions of The Product with Your Remote)",200
7SEVEN¬Æ Compatible Tata Sky Remote Control Replacement of Original dth SD HD tata Play Set top Box Remote - IR Learning Universal Remote for Any Brand TV - Pairing Must,197
Electvision Remote Control for led Smart tv Compatible with VU Smart Led (Without Voice),197
7SEVEN¬Æ Compatible Vu Smart Tv Remote Control Suitable for Original 4K Android LED Ultra HD UHD Vu Tv Remote with Non Voice Feature without google assistant,185
"PROLEGEND¬Æ PL-T002 Universal TV Stand Table Top for Most 22 to 65 inch LCD Flat Screen TV, VESA up to 800 by 400mm",184
Aine HDMI Male to VGA Female Video Converter Adapter Cable (Black),171
"boAt Newly Launched Wave Electra with 1.81"" HD Display, Smart Calling Ultra-Seamless BT Calling Chip, 20 Built-in Watch Faces, 100 + Sports Modes, Menu Personalization, in-Built Games(Cherry Blossom)",154
"boAt Newly Launched Wave Electra with 1.81"" HD Display, Smart Calling with Ultra-Seamless BT Calling Chip,20 Built-In Watch Faces,100 + Sports Modes,Menu Personalization,In-Built Games(Charcoal Black)",154
Shopoflux Silicone Remote Cover for Mi Smart TV and Mi TV Stick/MI Box S / 3S / MI 4X / 4A Smart LED TV (Black),143
Airtel DigitalTV HD Setup Box Remote,136
Sansui 80cm (32 inches) HD Ready Smart LED TV JSY32SKHD (BLACK) With Bezel-less Design,129
"POCO C31 (Shadow Gray, 64 GB) (4 GB RAM)",125
Tata Sky Digital TV HD Setup Box Remote,121
"iPhone Original 20W C Type Fast PD Charger Compatible with I-Phone13/13 mini/13pro/13 pro Max I-Phone 12/12 Pro/12mini/12 Pro Max, I-Phone11/11 Pro/11 Pro Max 2020 (Only Adapter)",119
Karbonn 80 cm (32 Inches) Millennium Series HD Ready LED TV KJW32NSHDF (Phantom Black) with Bezel-Less Design,110
"ZORBES¬Æ Wall Adapter Holder for Alexa Echo Dot 4th Generation,A Space-Saving Solution with Cord Management for Your Smart Home Speakers -White (Holder Only)",106
Firestick Remote,105
"EN LIGNE Adjustable Cell Phone Stand, Foldable Portable Phone Stand Phone Holder for Desk, Desktop Tablet Stand Compatible with Mobile Phone/iPad/Tablet (Black)",104
7SEVEN Compatible LG TV Remote Suitable for LG Non Magic Smart tv Remote Control (Mouse & Voice Non-Support) MR20GA Prime Video and Netflix Hotkeys,103
SHREENOVA ID116 Plus Bluetooth Fitness Smart Watch for Men Women and Kids Activity Tracker (Black),87
"Fire-Boltt Gladiator 1.96"" Biggest Display Smart Watch with Bluetooth Calling, Voice Assistant &123 Sports Modes, 8 Unique UI Interactions, SpO2, 24/7 Heart Rate Tracking",73
TCL 80 cm (32 inches) HD Ready Certified Android Smart LED TV 32S615 (Black),64
"Tuarso 8K HDMI 2.1 Cable 48Gbps , 1.5 Meter High-Speed Braided HDMI Cable ( 8K@60HZ„ÄÅ4K@120HZ„ÄÅ2K@240HZ ) HDMI 2.1 Cable Compatible with Monitors , Television , Laptops , Projectors , Game Consoles and more with HDMI Ports Device",47
Noise_Colorfit Smart Watch Charger 2 Pin USB Fast Charger Magnetic Charging Cable Adapter (Smart Watch Charger 2 pin),38
"Noise ColorFit Pro 4 Alpha Bluetooth Calling Smart Watch with 1.78 AMOLED Display, Tru Sync, 60hz Refresh Rate, instacharge, Gesture Control, Functional 360 Digital Crown (Jet Black)",37
Remote Control Compatible for Amazon Fire Tv Stick Remote Control [ 3rd Gen ](Not Compatible for Fire TV Edition Smart TV) from basesailor,37
"WZATCO Pixel | Portable LED Projector | Native 720p with Full HD 1080P Support | 2000 Lumens (200 ANSI) | 176"" Large Screen | Projector for Home and Outdoor | Compatible with TV Stick, PC, PS4",27
Technotech High Speed HDMI Cable 5 Meter V1.4 - Supports Full HD 1080p (Color May Vary),25
"ZEBRONICS HAA2021 HDMI version 2.1 cable with 8K @ 60Hz, 4K @ 120Hz, eARC & CEC support, 3D compatible, 2 meters length, 48Gbps max and Gold-plated connectors",24
LOHAYA Voice Assistant Remote Compatible for Airtel Xstream Set-Top Box Remote Control with Netflix Function (Black) (Non - Voice),23
Amazon Basics 2 Amp USB Wall Charger & Micro USB Cable (White),14
7SEVEN¬Æ Compatible for Tata Sky Remote Original Set Top¬†HD Box and Suitable for SD Tata Play setup Box Remote Control,12
WANBO X1 Pro (Upgraded) | Native 1080P Full HD | Android 9 | Projector for Home | LED Cinema | 350ANSI | 3900 lumens | WiFi Bluetooth | HDMI ARC | Dolby DTS | 4D Keystone Correction (Global Version),7
